preset_id,version,tier,family,subfamily,display_name,short_label,description,body_yaw_deg,torso_yaw_deg,face_yaw_deg,face_pitch_deg,gaze_target,weight_distribution,left_arm,right_arm,left_hand,right_hand,left_leg,right_leg,movement,framing,camera_height,camera_yaw_deg,camera_pitch_deg,camera_roll_deg,lens_min_mm,lens_max_mm,subject_scale_pct,crop_rule,hands_visibility,feet_visibility,required_source_views,compatible_products,incompatible_products,age_groups,pose_control_mode,keypoint_strictness,garment_priority,fabric_motion,use_cases,aspect_ratios,qa_rule_codes,risk_level,fallback_preset_id,status,sort_order
ML-POSE-CAT-001,1.0.0,CORE,CATALOG_STANDING,FRONT,Front Neutral,Front Neutral,Symmetrical front-facing catalog stance with arms relaxed and feet parallel.,0,0,0,0,CAMERA,EVEN,RELAXED_DOWN,RELAXED_DOWN,OPEN_RELAXED,OPEN_RELAXED,STRAIGHT,STRAIGHT,STATIC,FULL_BODY,CHEST,0,0,0,70,85,82,FULL_BODY_WITH_MARGIN,REQUIRED,REQUIRED,FRONT,DRESS|TOP|BOTTOM|OUTERWEAR|SUIT|KNITWEAR|ACTIVEWEAR|SWIMWEAR|JUMPSUIT,,ADULT|TEEN,OPENPOSE+DENSEPOSE,HIGH,SILHOUETTE,NONE,PDP|MARKETPLACE|WHOLESALE,4:5|3:4|2:3,GARMENT_SILHOUETTE;COLOR_FIDELITY;FACE_IDENTITY;ANATOMY_GENERAL;POSE_SIMILARITY;BACKGROUND_ARTIFACTS;RESOLUTION_MIN;FULL_GARMENT_VISIBLE;HANDS_ANATOMY;FEET_ANATOMY;CROP_COMPLIANCE,LOW,ML-POSE-CAT-001,ACTIVE,1
ML-POSE-CAT-002,1.0.0,CORE,CATALOG_STANDING,FRONT,Front Relaxed,Front Relaxed,Front view with natural shoulder relaxation and slight asymmetry.,0,0,0,0,CAMERA,LEFT_55,RELAXED_DOWN,RELAXED_DOWN,OPEN_RELAXED,OPEN_RELAXED,SUPPORT,RELAXED,STATIC,FULL_BODY,CHEST,0,0,0,70,85,82,FULL_BODY_WITH_MARGIN,REQUIRED,REQUIRED,FRONT,DRESS|TOP|BOTTOM|OUTERWEAR|SUIT|KNITWEAR|ACTIVEWEAR|SWIMWEAR|JUMPSUIT,,ADULT|TEEN,OPENPOSE+DENSEPOSE,HIGH,SILHOUETTE,NONE,PDP|MARKETPLACE|WHOLESALE,4:5|3:4|2:3,GARMENT_SILHOUETTE;COLOR_FIDELITY;FACE_IDENTITY;ANATOMY_GENERAL;POSE_SIMILARITY;BACKGROUND_ARTIFACTS;RESOLUTION_MIN;FULL_GARMENT_VISIBLE;HANDS_ANATOMY;FEET_ANATOMY;CROP_COMPLIANCE,LOW,ML-POSE-CAT-001,ACTIVE,2
ML-POSE-CAT-003,1.0.0,CORE,CATALOG_STANDING,FRONT,Front Power Stance,Power Front,Front view with confident wider stance for tailoring and outerwear.,0,0,0,0,CAMERA,EVEN,RELAXED_DOWN,RELAXED_DOWN,OPEN_RELAXED,OPEN_RELAXED,WIDE,WIDE,STATIC,FULL_BODY,CHEST,0,0,0,70,85,82,FULL_BODY_WITH_MARGIN,REQUIRED,REQUIRED,FRONT,DRESS|TOP|BOTTOM|OUTERWEAR|SUIT|KNITWEAR|ACTIVEWEAR|JUMPSUIT,,ADULT|TEEN,OPENPOSE+DENSEPOSE,HIGH,SILHOUETTE,NONE,PDP|MARKETPLACE|WHOLESALE,4:5|3:4|2:3,GARMENT_SILHOUETTE;COLOR_FIDELITY;FACE_IDENTITY;ANATOMY_GENERAL;POSE_SIMILARITY;BACKGROUND_ARTIFACTS;RESOLUTION_MIN;FULL_GARMENT_VISIBLE;HANDS_ANATOMY;FEET_ANATOMY;CROP_COMPLIANCE,LOW,ML-POSE-CAT-001,ACTIVE,3
ML-POSE-CAT-004,1.0.0,CORE,CATALOG_STANDING,FRONT,Front Weight Left,Weight Left,Front view with body weight on left leg and right knee relaxed.,0,0,0,0,CAMERA,LEFT_70,RELAXED_DOWN,RELAXED_DOWN,OPEN_RELAXED,OPEN_RELAXED,SUPPORT,BENT_SOFT,STATIC,FULL_BODY,CHEST,0,0,0,70,85,82,FULL_BODY_WITH_MARGIN,REQUIRED,REQUIRED,FRONT,DRESS|TOP|BOTTOM|OUTERWEAR|SUIT|KNITWEAR|ACTIVEWEAR|SWIMWEAR|JUMPSUIT,,ADULT|TEEN,OPENPOSE+DENSEPOSE,HIGH,SILHOUETTE,NONE,PDP|MARKETPLACE|WHOLESALE,4:5|3:4|2:3,GARMENT_SILHOUETTE;COLOR_FIDELITY;FACE_IDENTITY;ANATOMY_GENERAL;POSE_SIMILARITY;BACKGROUND_ARTIFACTS;RESOLUTION_MIN;FULL_GARMENT_VISIBLE;HANDS_ANATOMY;FEET_ANATOMY;CROP_COMPLIANCE,LOW,ML-POSE-CAT-001,ACTIVE,4
ML-POSE-CAT-005,1.0.0,CORE,CATALOG_STANDING,FRONT,Front Weight Right,Weight Right,Front view with body weight on right leg and left knee relaxed.,0,0,0,0,CAMERA,RIGHT_70,RELAXED_DOWN,RELAXED_DOWN,OPEN_RELAXED,OPEN_RELAXED,BENT_SOFT,SUPPORT,STATIC,FULL_BODY,CHEST,0,0,0,70,85,82,FULL_BODY_WITH_MARGIN,REQUIRED,REQUIRED,FRONT,DRESS|TOP|BOTTOM|OUTERWEAR|SUIT|KNITWEAR|ACTIVEWEAR|SWIMWEAR|JUMPSUIT,,ADULT|TEEN,OPENPOSE+DENSEPOSE,HIGH,SILHOUETTE,NONE,PDP|MARKETPLACE|WHOLESALE,4:5|3:4|2:3,GARMENT_SILHOUETTE;COLOR_FIDELITY;FACE_IDENTITY;ANATOMY_GENERAL;POSE_SIMILARITY;BACKGROUND_ARTIFACTS;RESOLUTION_MIN;FULL_GARMENT_VISIBLE;HANDS_ANATOMY;FEET_ANATOMY;CROP_COMPLIANCE,LOW,ML-POSE-CAT-001,ACTIVE,5
ML-POSE-CAT-006,1.0.0,CORE,CATALOG_STANDING,FRONT,Front One Foot Forward — Left,Foot Forward Left,Front catalog stance with left foot placed slightly forward.,0,0,0,0,CAMERA,BACK_60,RELAXED_DOWN,RELAXED_DOWN,OPEN_RELAXED,OPEN_RELAXED,FORWARD,SUPPORT,STATIC,FULL_BODY,CHEST,0,0,0,70,85,82,FULL_BODY_WITH_MARGIN,REQUIRED,REQUIRED,FRONT,DRESS|TOP|BOTTOM|OUTERWEAR|SUIT|KNITWEAR|ACTIVEWEAR|SWIMWEAR|JUMPSUIT,,ADULT|TEEN,OPENPOSE+DENSEPOSE,HIGH,SILHOUETTE,NONE,PDP|MARKETPLACE|WHOLESALE,4:5|3:4|2:3,GARMENT_SILHOUETTE;COLOR_FIDELITY;FACE_IDENTITY;ANATOMY_GENERAL;POSE_SIMILARITY;BACKGROUND_ARTIFACTS;RESOLUTION_MIN;FULL_GARMENT_VISIBLE;HANDS_ANATOMY;FEET_ANATOMY;CROP_COMPLIANCE,LOW,ML-POSE-CAT-001,ACTIVE,6
ML-POSE-CAT-007,1.0.0,CORE,CATALOG_STANDING,FRONT,Front Contrapposto — Left,Contrapposto Left,Classical contrapposto with weight carried on the left leg.,0,0,0,0,CAMERA,LEFT_80,RELAXED_DOWN,RELAXED_DOWN,OPEN_RELAXED,OPEN_RELAXED,SUPPORT,BENT_SOFT,STATIC,FULL_BODY,CHEST,0,0,0,70,85,82,FULL_BODY_WITH_MARGIN,REQUIRED,REQUIRED,FRONT,DRESS|TOP|BOTTOM|OUTERWEAR|SUIT|KNITWEAR|ACTIVEWEAR|SWIMWEAR|JUMPSUIT,,ADULT|TEEN,OPENPOSE+DENSEPOSE,HIGH,SILHOUETTE,NONE,PDP|MARKETPLACE|WHOLESALE,4:5|3:4|2:3,GARMENT_SILHOUETTE;COLOR_FIDELITY;FACE_IDENTITY;ANATOMY_GENERAL;POSE_SIMILARITY;BACKGROUND_ARTIFACTS;RESOLUTION_MIN;FULL_GARMENT_VISIBLE;HANDS_ANATOMY;FEET_ANATOMY;CROP_COMPLIANCE,LOW,ML-POSE-CAT-001,ACTIVE,7
ML-POSE-CAT-008,1.0.0,CORE,CATALOG_STANDING,FRONT,Front Ankles Crossed — Left,Ankles Crossed Left,Front stance with left ankle crossing in front.,0,0,0,0,CAMERA,BACK_70,RELAXED_DOWN,RELAXED_DOWN,OPEN_RELAXED,OPEN_RELAXED,CROSS_FRONT,SUPPORT,STATIC,FULL_BODY,CHEST,0,0,0,70,85,82,FULL_BODY_WITH_MARGIN,REQUIRED,REQUIRED,FRONT,DRESS|TOP|BOTTOM|OUTERWEAR|SUIT|KNITWEAR|ACTIVEWEAR|SWIMWEAR|JUMPSUIT,,ADULT|TEEN,OPENPOSE+DENSEPOSE,HIGH,SILHOUETTE,NONE,PDP|MARKETPLACE|WHOLESALE,4:5|3:4|2:3,GARMENT_SILHOUETTE;COLOR_FIDELITY;FACE_IDENTITY;ANATOMY_GENERAL;POSE_SIMILARITY;BACKGROUND_ARTIFACTS;RESOLUTION_MIN;FULL_GARMENT_VISIBLE;HANDS_ANATOMY;FEET_ANATOMY;CROP_COMPLIANCE,MEDIUM,ML-POSE-CAT-001,ACTIVE,8
ML-POSE-CAT-009,1.0.0,CORE,CATALOG_STANDING,FRONT,Front One Foot Forward — Right,Foot Forward Right,Front catalog stance with right foot placed slightly forward.,0,0,0,0,CAMERA,BACK_60,RELAXED_DOWN,RELAXED_DOWN,OPEN_RELAXED,OPEN_RELAXED,SUPPORT,FORWARD,STATIC,FULL_BODY,CHEST,0,0,0,70,85,82,FULL_BODY_WITH_MARGIN,REQUIRED,REQUIRED,FRONT,DRESS|TOP|BOTTOM|OUTERWEAR|SUIT|KNITWEAR|ACTIVEWEAR|SWIMWEAR|JUMPSUIT,,ADULT|TEEN,OPENPOSE+DENSEPOSE,HIGH,SILHOUETTE,NONE,PDP|MARKETPLACE|WHOLESALE,4:5|3:4|2:3,GARMENT_SILHOUETTE;COLOR_FIDELITY;FACE_IDENTITY;ANATOMY_GENERAL;POSE_SIMILARITY;BACKGROUND_ARTIFACTS;RESOLUTION_MIN;FULL_GARMENT_VISIBLE;HANDS_ANATOMY;FEET_ANATOMY;CROP_COMPLIANCE,LOW,ML-POSE-CAT-001,ACTIVE,9
ML-POSE-CAT-010,1.0.0,CORE,CATALOG_STANDING,FRONT,Front Contrapposto — Right,Contrapposto Right,Classical contrapposto with weight carried on the right leg.,0,0,0,0,CAMERA,RIGHT_80,RELAXED_DOWN,RELAXED_DOWN,OPEN_RELAXED,OPEN_RELAXED,BENT_SOFT,SUPPORT,STATIC,FULL_BODY,CHEST,0,0,0,70,85,82,FULL_BODY_WITH_MARGIN,REQUIRED,REQUIRED,FRONT,DRESS|TOP|BOTTOM|OUTERWEAR|SUIT|KNITWEAR|ACTIVEWEAR|SWIMWEAR|JUMPSUIT,,ADULT|TEEN,OPENPOSE+DENSEPOSE,HIGH,SILHOUETTE,NONE,PDP|MARKETPLACE|WHOLESALE,4:5|3:4|2:3,GARMENT_SILHOUETTE;COLOR_FIDELITY;FACE_IDENTITY;ANATOMY_GENERAL;POSE_SIMILARITY;BACKGROUND_ARTIFACTS;RESOLUTION_MIN;FULL_GARMENT_VISIBLE;HANDS_ANATOMY;FEET_ANATOMY;CROP_COMPLIANCE,LOW,ML-POSE-CAT-001,ACTIVE,10
ML-POSE-CAT-011,1.0.0,CORE,CATALOG_STANDING,FRONT,Front Ankles Crossed — Right,Ankles Crossed Right,Front stance with right ankle crossing in front.,0,0,0,0,CAMERA,BACK_70,RELAXED_DOWN,RELAXED_DOWN,OPEN_RELAXED,OPEN_RELAXED,SUPPORT,CROSS_FRONT,STATIC,FULL_BODY,CHEST,0,0,0,70,85,82,FULL_BODY_WITH_MARGIN,REQUIRED,REQUIRED,FRONT,DRESS|TOP|BOTTOM|OUTERWEAR|SUIT|KNITWEAR|ACTIVEWEAR|SWIMWEAR|JUMPSUIT,,ADULT|TEEN,OPENPOSE+DENSEPOSE,HIGH,SILHOUETTE,NONE,PDP|MARKETPLACE|WHOLESALE,4:5|3:4|2:3,GARMENT_SILHOUETTE;COLOR_FIDELITY;FACE_IDENTITY;ANATOMY_GENERAL;POSE_SIMILARITY;BACKGROUND_ARTIFACTS;RESOLUTION_MIN;FULL_GARMENT_VISIBLE;HANDS_ANATOMY;FEET_ANATOMY;CROP_COMPLIANCE,MEDIUM,ML-POSE-CAT-001,ACTIVE,11
ML-POSE-CAT-012,1.0.0,CORE,CATALOG_STANDING,FRONT,Front Feet Together,Feet Together,Straight front stance with feet close for slim silhouettes.,0,0,0,0,CAMERA,EVEN,RELAXED_DOWN,RELAXED_DOWN,OPEN_RELAXED,OPEN_RELAXED,TOGETHER,TOGETHER,STATIC,FULL_BODY,CHEST,0,0,0,70,85,82,FULL_BODY_WITH_MARGIN,REQUIRED,REQUIRED,FRONT,DRESS|TOP|BOTTOM|OUTERWEAR|SUIT|KNITWEAR|ACTIVEWEAR|SWIMWEAR|JUMPSUIT,,ADULT|TEEN,OPENPOSE+DENSEPOSE,HIGH,SILHOUETTE,NONE,PDP|MARKETPLACE|WHOLESALE,4:5|3:4|2:3,GARMENT_SILHOUETTE;COLOR_FIDELITY;FACE_IDENTITY;ANATOMY_GENERAL;POSE_SIMILARITY;BACKGROUND_ARTIFACTS;RESOLUTION_MIN;FULL_GARMENT_VISIBLE;HANDS_ANATOMY;FEET_ANATOMY;CROP_COMPLIANCE,LOW,ML-POSE-CAT-001,ACTIVE,12
ML-POSE-CAT-013,1.0.0,CORE,CATALOG_STANDING,FRONT,Front Soft A-Stance,Soft A-Stance,Feet slightly apart with relaxed knees for everyday apparel.,0,0,0,0,CAMERA,EVEN,RELAXED_DOWN,RELAXED_DOWN,OPEN_RELAXED,OPEN_RELAXED,SLIGHT_OUT,SLIGHT_OUT,STATIC,FULL_BODY,CHEST,0,0,0,70,85,82,FULL_BODY_WITH_MARGIN,REQUIRED,REQUIRED,FRONT,DRESS|TOP|BOTTOM|OUTERWEAR|SUIT|KNITWEAR|ACTIVEWEAR|SWIMWEAR|JUMPSUIT,,ADULT|TEEN,OPENPOSE+DENSEPOSE,HIGH,SILHOUETTE,NONE,PDP|MARKETPLACE|WHOLESALE,4:5|3:4|2:3,GARMENT_SILHOUETTE;COLOR_FIDELITY;FACE_IDENTITY;ANATOMY_GENERAL;POSE_SIMILARITY;BACKGROUND_ARTIFACTS;RESOLUTION_MIN;FULL_GARMENT_VISIBLE;HANDS_ANATOMY;FEET_ANATOMY;CROP_COMPLIANCE,LOW,ML-POSE-CAT-001,ACTIVE,13
ML-POSE-CAT-014,1.0.0,CORE,CATALOG_STANDING,HAND_POSITION,Front — Hands at Sides,Hands at Sides,Front catalog pose with hands at sides.,0,0,0,0,CAMERA,EVEN,RELAXED_DOWN,RELAXED_DOWN,OPEN_RELAXED,OPEN_RELAXED,STRAIGHT,STRAIGHT,STATIC,FULL_BODY,CHEST,0,0,0,70,85,82,FULL_BODY_WITH_MARGIN,REQUIRED,REQUIRED,FRONT,DRESS|TOP|BOTTOM|OUTERWEAR|SUIT|KNITWEAR|ACTIVEWEAR|SWIMWEAR|JUMPSUIT,,ADULT|TEEN,OPENPOSE+DENSEPOSE,HIGH,SILHOUETTE,NONE,PDP|MARKETPLACE|WHOLESALE,4:5|3:4|2:3,GARMENT_SILHOUETTE;COLOR_FIDELITY;FACE_IDENTITY;ANATOMY_GENERAL;POSE_SIMILARITY;BACKGROUND_ARTIFACTS;RESOLUTION_MIN;FULL_GARMENT_VISIBLE;HANDS_ANATOMY;FEET_ANATOMY;CROP_COMPLIANCE,LOW,ML-POSE-CAT-001,ACTIVE,14
ML-POSE-CAT-015,1.0.0,CORE,CATALOG_STANDING,HAND_POSITION,Front — Both Hands in Pockets,Both Pockets,Front catalog pose with both hands in pockets.,0,0,0,0,CAMERA,EVEN,BENT_POCKET,BENT_POCKET,IN_POCKET,IN_POCKET,STRAIGHT,STRAIGHT,STATIC,FULL_BODY,CHEST,0,0,0,70,85,82,FULL_BODY_WITH_MARGIN,REQUIRED,REQUIRED,FRONT,DRESS|TOP|BOTTOM|OUTERWEAR|SUIT|KNITWEAR|ACTIVEWEAR|SWIMWEAR|JUMPSUIT,,ADULT|TEEN,OPENPOSE+DENSEPOSE,HIGH,SILHOUETTE,NONE,PDP|MARKETPLACE|WHOLESALE,4:5|3:4|2:3,GARMENT_SILHOUETTE;COLOR_FIDELITY;FACE_IDENTITY;ANATOMY_GENERAL;POSE_SIMILARITY;BACKGROUND_ARTIFACTS;RESOLUTION_MIN;FULL_GARMENT_VISIBLE;HANDS_ANATOMY;FEET_ANATOMY;CROP_COMPLIANCE,MEDIUM,ML-POSE-CAT-001,ACTIVE,15
ML-POSE-CAT-016,1.0.0,CORE,CATALOG_STANDING,HAND_POSITION,Front — Left Hand in Pocket,Left Pocket,Front catalog pose with left hand in pocket.,0,0,0,0,CAMERA,EVEN,BENT_POCKET,RELAXED_DOWN,IN_POCKET,OPEN_RELAXED,STRAIGHT,STRAIGHT,STATIC,FULL_BODY,CHEST,0,0,0,70,85,82,FULL_BODY_WITH_MARGIN,REQUIRED,REQUIRED,FRONT,DRESS|TOP|BOTTOM|OUTERWEAR|SUIT|KNITWEAR|ACTIVEWEAR|SWIMWEAR|JUMPSUIT,,ADULT|TEEN,OPENPOSE+DENSEPOSE,HIGH,SILHOUETTE,NONE,PDP|MARKETPLACE|WHOLESALE,4:5|3:4|2:3,GARMENT_SILHOUETTE;COLOR_FIDELITY;FACE_IDENTITY;ANATOMY_GENERAL;POSE_SIMILARITY;BACKGROUND_ARTIFACTS;RESOLUTION_MIN;FULL_GARMENT_VISIBLE;HANDS_ANATOMY;FEET_ANATOMY;CROP_COMPLIANCE,MEDIUM,ML-POSE-CAT-001,ACTIVE,16
ML-POSE-CAT-017,1.0.0,CORE,CATALOG_STANDING,HAND_POSITION,Front — Right Hand in Pocket,Right Pocket,Front catalog pose with right hand in pocket.,0,0,0,0,CAMERA,EVEN,RELAXED_DOWN,BENT_POCKET,OPEN_RELAXED,IN_POCKET,STRAIGHT,STRAIGHT,STATIC,FULL_BODY,CHEST,0,0,0,70,85,82,FULL_BODY_WITH_MARGIN,REQUIRED,REQUIRED,FRONT,DRESS|TOP|BOTTOM|OUTERWEAR|SUIT|KNITWEAR|ACTIVEWEAR|SWIMWEAR|JUMPSUIT,,ADULT|TEEN,OPENPOSE+DENSEPOSE,HIGH,SILHOUETTE,NONE,PDP|MARKETPLACE|WHOLESALE,4:5|3:4|2:3,GARMENT_SILHOUETTE;COLOR_FIDELITY;FACE_IDENTITY;ANATOMY_GENERAL;POSE_SIMILARITY;BACKGROUND_ARTIFACTS;RESOLUTION_MIN;FULL_GARMENT_VISIBLE;HANDS_ANATOMY;FEET_ANATOMY;CROP_COMPLIANCE,MEDIUM,ML-POSE-CAT-001,ACTIVE,17
ML-POSE-CAT-018,1.0.0,CORE,CATALOG_STANDING,HAND_POSITION,Front — Left Hand on Hip,Left Hip,Front catalog pose with left hand on hip.,0,0,0,0,CAMERA,EVEN,BENT_HIP,RELAXED_DOWN,ON_HIP,OPEN_RELAXED,STRAIGHT,STRAIGHT,STATIC,FULL_BODY,CHEST,0,0,0,70,85,82,FULL_BODY_WITH_MARGIN,REQUIRED,REQUIRED,FRONT,DRESS|TOP|BOTTOM|OUTERWEAR|SUIT|KNITWEAR|ACTIVEWEAR|SWIMWEAR|JUMPSUIT,,ADULT|TEEN,OPENPOSE+DENSEPOSE,HIGH,SILHOUETTE,NONE,PDP|MARKETPLACE|WHOLESALE,4:5|3:4|2:3,GARMENT_SILHOUETTE;COLOR_FIDELITY;FACE_IDENTITY;ANATOMY_GENERAL;POSE_SIMILARITY;BACKGROUND_ARTIFACTS;RESOLUTION_MIN;FULL_GARMENT_VISIBLE;HANDS_ANATOMY;FEET_ANATOMY;CROP_COMPLIANCE,MEDIUM,ML-POSE-CAT-001,ACTIVE,18
ML-POSE-CAT-019,1.0.0,CORE,CATALOG_STANDING,HAND_POSITION,Front — Right Hand on Hip,Right Hip,Front catalog pose with right hand on hip.,0,0,0,0,CAMERA,EVEN,RELAXED_DOWN,BENT_HIP,OPEN_RELAXED,ON_HIP,STRAIGHT,STRAIGHT,STATIC,FULL_BODY,CHEST,0,0,0,70,85,82,FULL_BODY_WITH_MARGIN,REQUIRED,REQUIRED,FRONT,DRESS|TOP|BOTTOM|OUTERWEAR|SUIT|KNITWEAR|ACTIVEWEAR|SWIMWEAR|JUMPSUIT,,ADULT|TEEN,OPENPOSE+DENSEPOSE,HIGH,SILHOUETTE,NONE,PDP|MARKETPLACE|WHOLESALE,4:5|3:4|2:3,GARMENT_SILHOUETTE;COLOR_FIDELITY;FACE_IDENTITY;ANATOMY_GENERAL;POSE_SIMILARITY;BACKGROUND_ARTIFACTS;RESOLUTION_MIN;FULL_GARMENT_VISIBLE;HANDS_ANATOMY;FEET_ANATOMY;CROP_COMPLIANCE,MEDIUM,ML-POSE-CAT-001,ACTIVE,19
ML-POSE-CAT-020,1.0.0,CORE,CATALOG_STANDING,HAND_POSITION,Front — Both Hands on Hips,Both Hips,Front catalog pose with both hands on hips.,0,0,0,0,CAMERA,EVEN,BENT_HIP,BENT_HIP,ON_HIP,ON_HIP,STRAIGHT,STRAIGHT,STATIC,FULL_BODY,CHEST,0,0,0,70,85,82,FULL_BODY_WITH_MARGIN,REQUIRED,REQUIRED,FRONT,DRESS|TOP|BOTTOM|OUTERWEAR|SUIT|KNITWEAR|ACTIVEWEAR|SWIMWEAR|JUMPSUIT,,ADULT|TEEN,OPENPOSE+DENSEPOSE,HIGH,SILHOUETTE,NONE,PDP|MARKETPLACE|WHOLESALE,4:5|3:4|2:3,GARMENT_SILHOUETTE;COLOR_FIDELITY;FACE_IDENTITY;ANATOMY_GENERAL;POSE_SIMILARITY;BACKGROUND_ARTIFACTS;RESOLUTION_MIN;FULL_GARMENT_VISIBLE;HANDS_ANATOMY;FEET_ANATOMY;CROP_COMPLIANCE,MEDIUM,ML-POSE-CAT-001,ACTIVE,20
ML-POSE-CAT-021,1.0.0,CORE,CATALOG_STANDING,HAND_POSITION,Front — Arms Crossed,Arms Crossed,Front catalog pose with arms crossed.,0,0,0,0,CAMERA,EVEN,CROSSED,CROSSED,TUCKED,TUCKED,STRAIGHT,STRAIGHT,STATIC,FULL_BODY,CHEST,0,0,0,70,85,82,FULL_BODY_WITH_MARGIN,REQUIRED,REQUIRED,FRONT,DRESS|TOP|BOTTOM|OUTERWEAR|SUIT|KNITWEAR|ACTIVEWEAR|SWIMWEAR|JUMPSUIT,,ADULT|TEEN,OPENPOSE+DENSEPOSE,HIGH,SILHOUETTE,NONE,PDP|MARKETPLACE|WHOLESALE,4:5|3:4|2:3,GARMENT_SILHOUETTE;COLOR_FIDELITY;FACE_IDENTITY;ANATOMY_GENERAL;POSE_SIMILARITY;BACKGROUND_ARTIFACTS;RESOLUTION_MIN;FULL_GARMENT_VISIBLE;HANDS_ANATOMY;FEET_ANATOMY;CROP_COMPLIANCE,HIGH,ML-POSE-CAT-001,ACTIVE,21
ML-POSE-CAT-022,1.0.0,CORE,CATALOG_STANDING,HAND_POSITION,Front — Hands Clasped Front,Clasped Front,Front catalog pose with hands clasped front.,0,0,0,0,CAMERA,EVEN,BENT_FRONT,BENT_FRONT,CLASPED,CLASPED,STRAIGHT,STRAIGHT,STATIC,FULL_BODY,CHEST,0,0,0,70,85,82,FULL_BODY_WITH_MARGIN,REQUIRED,REQUIRED,FRONT,DRESS|TOP|BOTTOM|OUTERWEAR|SUIT|KNITWEAR|ACTIVEWEAR|SWIMWEAR|JUMPSUIT,,ADULT|TEEN,OPENPOSE+DENSEPOSE,HIGH,SILHOUETTE,NONE,PDP|MARKETPLACE|WHOLESALE,4:5|3:4|2:3,GARMENT_SILHOUETTE;COLOR_FIDELITY;FACE_IDENTITY;ANATOMY_GENERAL;POSE_SIMILARITY;BACKGROUND_ARTIFACTS;RESOLUTION_MIN;FULL_GARMENT_VISIBLE;HANDS_ANATOMY;FEET_ANATOMY;CROP_COMPLIANCE,MEDIUM,ML-POSE-CAT-001,ACTIVE,22
ML-POSE-CAT-023,1.0.0,CORE,CATALOG_STANDING,HAND_POSITION,Front — Hands Behind Back,Hands Behind,Front catalog pose with hands behind back.,0,0,0,0,CAMERA,EVEN,BEHIND_BACK,BEHIND_BACK,HIDDEN,HIDDEN,STRAIGHT,STRAIGHT,STATIC,FULL_BODY,CHEST,0,0,0,70,85,82,FULL_BODY_WITH_MARGIN,REQUIRED,REQUIRED,FRONT,DRESS|TOP|BOTTOM|OUTERWEAR|SUIT|KNITWEAR|ACTIVEWEAR|SWIMWEAR|JUMPSUIT,,ADULT|TEEN,OPENPOSE+DENSEPOSE,HIGH,SILHOUETTE,NONE,PDP|MARKETPLACE|WHOLESALE,4:5|3:4|2:3,GARMENT_SILHOUETTE;COLOR_FIDELITY;FACE_IDENTITY;ANATOMY_GENERAL;POSE_SIMILARITY;BACKGROUND_ARTIFACTS;RESOLUTION_MIN;FULL_GARMENT_VISIBLE;HANDS_ANATOMY;FEET_ANATOMY;CROP_COMPLIANCE,MEDIUM,ML-POSE-CAT-001,ACTIVE,23
ML-POSE-CAT-024,1.0.0,CORE,CATALOG_STANDING,HAND_POSITION,Front — Left Arm Across Waist,Left Across Waist,Front catalog pose with left arm across waist.,0,0,0,0,CAMERA,EVEN,ACROSS_WAIST,RELAXED_DOWN,RESTING_WAIST,OPEN_RELAXED,STRAIGHT,STRAIGHT,STATIC,FULL_BODY,CHEST,0,0,0,70,85,82,FULL_BODY_WITH_MARGIN,REQUIRED,REQUIRED,FRONT,DRESS|TOP|BOTTOM|OUTERWEAR|SUIT|KNITWEAR|ACTIVEWEAR|SWIMWEAR|JUMPSUIT,,ADULT|TEEN,OPENPOSE+DENSEPOSE,HIGH,SILHOUETTE,NONE,PDP|MARKETPLACE|WHOLESALE,4:5|3:4|2:3,GARMENT_SILHOUETTE;COLOR_FIDELITY;FACE_IDENTITY;ANATOMY_GENERAL;POSE_SIMILARITY;BACKGROUND_ARTIFACTS;RESOLUTION_MIN;FULL_GARMENT_VISIBLE;HANDS_ANATOMY;FEET_ANATOMY;CROP_COMPLIANCE,MEDIUM,ML-POSE-CAT-001,ACTIVE,24
ML-POSE-CAT-025,1.0.0,CORE,CATALOG_STANDING,HAND_POSITION,Front — Right Arm Across Waist,Right Across Waist,Front catalog pose with right arm across waist.,0,0,0,0,CAMERA,EVEN,RELAXED_DOWN,ACROSS_WAIST,OPEN_RELAXED,RESTING_WAIST,STRAIGHT,STRAIGHT,STATIC,FULL_BODY,CHEST,0,0,0,70,85,82,FULL_BODY_WITH_MARGIN,REQUIRED,REQUIRED,FRONT,DRESS|TOP|BOTTOM|OUTERWEAR|SUIT|KNITWEAR|ACTIVEWEAR|SWIMWEAR|JUMPSUIT,,ADULT|TEEN,OPENPOSE+DENSEPOSE,HIGH,SILHOUETTE,NONE,PDP|MARKETPLACE|WHOLESALE,4:5|3:4|2:3,GARMENT_SILHOUETTE;COLOR_FIDELITY;FACE_IDENTITY;ANATOMY_GENERAL;POSE_SIMILARITY;BACKGROUND_ARTIFACTS;RESOLUTION_MIN;FULL_GARMENT_VISIBLE;HANDS_ANATOMY;FEET_ANATOMY;CROP_COMPLIANCE,MEDIUM,ML-POSE-CAT-001,ACTIVE,25
ML-POSE-CAT-026,1.0.0,CORE,CATALOG_STANDING,THREE_QUARTER,Three-Quarter Left 30°,Left 30°,Full-body catalog view with torso rotated 30 degrees.,-30,-30,30,0,CAMERA,EVEN,RELAXED_DOWN,RELAXED_DOWN,OPEN_RELAXED,OPEN_RELAXED,STRAIGHT,STRAIGHT,STATIC,FULL_BODY,CHEST,0,0,0,70,85,82,FULL_BODY_WITH_MARGIN,REQUIRED,REQUIRED,FRONT|SIDE,DRESS|TOP|BOTTOM|OUTERWEAR|SUIT|KNITWEAR|ACTIVEWEAR|SWIMWEAR|JUMPSUIT,,ADULT|TEEN,OPENPOSE+DENSEPOSE,HIGH,SILHOUETTE,NONE,PDP|MARKETPLACE|WHOLESALE,4:5|3:4|2:3,GARMENT_SILHOUETTE;COLOR_FIDELITY;FACE_IDENTITY;ANATOMY_GENERAL;POSE_SIMILARITY;BACKGROUND_ARTIFACTS;RESOLUTION_MIN;FULL_GARMENT_VISIBLE;HANDS_ANATOMY;FEET_ANATOMY;CROP_COMPLIANCE,LOW,ML-POSE-CAT-001,ACTIVE,26
ML-POSE-CAT-027,1.0.0,CORE,CATALOG_STANDING,THREE_QUARTER,Three-Quarter Left 30° — Hand on Hip,Left 3Q Hip,Three-quarter catalog view with left hand on hip.,-30,-30,30,0,CAMERA,EVEN,BENT_HIP,RELAXED_DOWN,ON_HIP,OPEN_RELAXED,STRAIGHT,STRAIGHT,STATIC,FULL_BODY,CHEST,0,0,0,70,85,82,FULL_BODY_WITH_MARGIN,REQUIRED,REQUIRED,FRONT|SIDE,DRESS|TOP|BOTTOM|OUTERWEAR|SUIT|KNITWEAR|ACTIVEWEAR|SWIMWEAR|JUMPSUIT,,ADULT|TEEN,OPENPOSE+DENSEPOSE,HIGH,SILHOUETTE,NONE,PDP|MARKETPLACE|WHOLESALE,4:5|3:4|2:3,GARMENT_SILHOUETTE;COLOR_FIDELITY;FACE_IDENTITY;ANATOMY_GENERAL;POSE_SIMILARITY;BACKGROUND_ARTIFACTS;RESOLUTION_MIN;FULL_GARMENT_VISIBLE;HANDS_ANATOMY;FEET_ANATOMY;CROP_COMPLIANCE,MEDIUM,ML-POSE-CAT-001,ACTIVE,27
ML-POSE-CAT-028,1.0.0,CORE,CATALOG_STANDING,THREE_QUARTER,Three-Quarter Left 30° — One Hand in Pocket,Left 3Q Pocket,Three-quarter view with near hand placed in pocket.,-30,-30,30,0,CAMERA,EVEN,BENT_POCKET,RELAXED_DOWN,IN_POCKET,OPEN_RELAXED,STRAIGHT,STRAIGHT,STATIC,FULL_BODY,CHEST,0,0,0,70,85,82,FULL_BODY_WITH_MARGIN,REQUIRED,REQUIRED,FRONT|SIDE,DRESS|TOP|BOTTOM|OUTERWEAR|SUIT|KNITWEAR|ACTIVEWEAR|SWIMWEAR|JUMPSUIT,,ADULT|TEEN,OPENPOSE+DENSEPOSE,HIGH,SILHOUETTE,NONE,PDP|MARKETPLACE|WHOLESALE,4:5|3:4|2:3,GARMENT_SILHOUETTE;COLOR_FIDELITY;FACE_IDENTITY;ANATOMY_GENERAL;POSE_SIMILARITY;BACKGROUND_ARTIFACTS;RESOLUTION_MIN;FULL_GARMENT_VISIBLE;HANDS_ANATOMY;FEET_ANATOMY;CROP_COMPLIANCE,MEDIUM,ML-POSE-CAT-001,ACTIVE,28
ML-POSE-CAT-029,1.0.0,CORE,CATALOG_STANDING,THREE_QUARTER,Three-Quarter Left 45°,Left 45°,Full-body catalog view with torso rotated 45 degrees.,-45,-45,45,0,CAMERA,EVEN,RELAXED_DOWN,RELAXED_DOWN,OPEN_RELAXED,OPEN_RELAXED,STRAIGHT,STRAIGHT,STATIC,FULL_BODY,CHEST,0,0,0,70,85,82,FULL_BODY_WITH_MARGIN,REQUIRED,REQUIRED,FRONT|SIDE,DRESS|TOP|BOTTOM|OUTERWEAR|SUIT|KNITWEAR|ACTIVEWEAR|SWIMWEAR|JUMPSUIT,,ADULT|TEEN,OPENPOSE+DENSEPOSE,HIGH,SILHOUETTE,NONE,PDP|MARKETPLACE|WHOLESALE,4:5|3:4|2:3,GARMENT_SILHOUETTE;COLOR_FIDELITY;FACE_IDENTITY;ANATOMY_GENERAL;POSE_SIMILARITY;BACKGROUND_ARTIFACTS;RESOLUTION_MIN;FULL_GARMENT_VISIBLE;HANDS_ANATOMY;FEET_ANATOMY;CROP_COMPLIANCE,LOW,ML-POSE-CAT-001,ACTIVE,29
ML-POSE-CAT-030,1.0.0,CORE,CATALOG_STANDING,THREE_QUARTER,Three-Quarter Left 45° — Hand on Hip,Left 3Q Hip,Three-quarter catalog view with left hand on hip.,-45,-45,45,0,CAMERA,EVEN,BENT_HIP,RELAXED_DOWN,ON_HIP,OPEN_RELAXED,STRAIGHT,STRAIGHT,STATIC,FULL_BODY,CHEST,0,0,0,70,85,82,FULL_BODY_WITH_MARGIN,REQUIRED,REQUIRED,FRONT|SIDE,DRESS|TOP|BOTTOM|OUTERWEAR|SUIT|KNITWEAR|ACTIVEWEAR|SWIMWEAR|JUMPSUIT,,ADULT|TEEN,OPENPOSE+DENSEPOSE,HIGH,SILHOUETTE,NONE,PDP|MARKETPLACE|WHOLESALE,4:5|3:4|2:3,GARMENT_SILHOUETTE;COLOR_FIDELITY;FACE_IDENTITY;ANATOMY_GENERAL;POSE_SIMILARITY;BACKGROUND_ARTIFACTS;RESOLUTION_MIN;FULL_GARMENT_VISIBLE;HANDS_ANATOMY;FEET_ANATOMY;CROP_COMPLIANCE,MEDIUM,ML-POSE-CAT-001,ACTIVE,30
ML-POSE-CAT-031,1.0.0,CORE,CATALOG_STANDING,THREE_QUARTER,Three-Quarter Left 45° — One Hand in Pocket,Left 3Q Pocket,Three-quarter view with near hand placed in pocket.,-45,-45,45,0,CAMERA,EVEN,BENT_POCKET,RELAXED_DOWN,IN_POCKET,OPEN_RELAXED,STRAIGHT,STRAIGHT,STATIC,FULL_BODY,CHEST,0,0,0,70,85,82,FULL_BODY_WITH_MARGIN,REQUIRED,REQUIRED,FRONT|SIDE,DRESS|TOP|BOTTOM|OUTERWEAR|SUIT|KNITWEAR|ACTIVEWEAR|SWIMWEAR|JUMPSUIT,,ADULT|TEEN,OPENPOSE+DENSEPOSE,HIGH,SILHOUETTE,NONE,PDP|MARKETPLACE|WHOLESALE,4:5|3:4|2:3,GARMENT_SILHOUETTE;COLOR_FIDELITY;FACE_IDENTITY;ANATOMY_GENERAL;POSE_SIMILARITY;BACKGROUND_ARTIFACTS;RESOLUTION_MIN;FULL_GARMENT_VISIBLE;HANDS_ANATOMY;FEET_ANATOMY;CROP_COMPLIANCE,MEDIUM,ML-POSE-CAT-001,ACTIVE,31
ML-POSE-CAT-032,1.0.0,CORE,CATALOG_STANDING,THREE_QUARTER,Three-Quarter Right 30°,Right 30°,Full-body catalog view with torso rotated 30 degrees.,30,30,-30,0,CAMERA,EVEN,RELAXED_DOWN,RELAXED_DOWN,OPEN_RELAXED,OPEN_RELAXED,STRAIGHT,STRAIGHT,STATIC,FULL_BODY,CHEST,0,0,0,70,85,82,FULL_BODY_WITH_MARGIN,REQUIRED,REQUIRED,FRONT|SIDE,DRESS|TOP|BOTTOM|OUTERWEAR|SUIT|KNITWEAR|ACTIVEWEAR|SWIMWEAR|JUMPSUIT,,ADULT|TEEN,OPENPOSE+DENSEPOSE,HIGH,SILHOUETTE,NONE,PDP|MARKETPLACE|WHOLESALE,4:5|3:4|2:3,GARMENT_SILHOUETTE;COLOR_FIDELITY;FACE_IDENTITY;ANATOMY_GENERAL;POSE_SIMILARITY;BACKGROUND_ARTIFACTS;RESOLUTION_MIN;FULL_GARMENT_VISIBLE;HANDS_ANATOMY;FEET_ANATOMY;CROP_COMPLIANCE,LOW,ML-POSE-CAT-001,ACTIVE,32
ML-POSE-CAT-033,1.0.0,CORE,CATALOG_STANDING,THREE_QUARTER,Three-Quarter Right 30° — Hand on Hip,Right 3Q Hip,Three-quarter catalog view with right hand on hip.,30,30,-30,0,CAMERA,EVEN,RELAXED_DOWN,BENT_HIP,OPEN_RELAXED,ON_HIP,STRAIGHT,STRAIGHT,STATIC,FULL_BODY,CHEST,0,0,0,70,85,82,FULL_BODY_WITH_MARGIN,REQUIRED,REQUIRED,FRONT|SIDE,DRESS|TOP|BOTTOM|OUTERWEAR|SUIT|KNITWEAR|ACTIVEWEAR|SWIMWEAR|JUMPSUIT,,ADULT|TEEN,OPENPOSE+DENSEPOSE,HIGH,SILHOUETTE,NONE,PDP|MARKETPLACE|WHOLESALE,4:5|3:4|2:3,GARMENT_SILHOUETTE;COLOR_FIDELITY;FACE_IDENTITY;ANATOMY_GENERAL;POSE_SIMILARITY;BACKGROUND_ARTIFACTS;RESOLUTION_MIN;FULL_GARMENT_VISIBLE;HANDS_ANATOMY;FEET_ANATOMY;CROP_COMPLIANCE,MEDIUM,ML-POSE-CAT-001,ACTIVE,33
ML-POSE-CAT-034,1.0.0,CORE,CATALOG_STANDING,THREE_QUARTER,Three-Quarter Right 30° — One Hand in Pocket,Right 3Q Pocket,Three-quarter view with near hand placed in pocket.,30,30,-30,0,CAMERA,EVEN,RELAXED_DOWN,BENT_POCKET,OPEN_RELAXED,IN_POCKET,STRAIGHT,STRAIGHT,STATIC,FULL_BODY,CHEST,0,0,0,70,85,82,FULL_BODY_WITH_MARGIN,REQUIRED,REQUIRED,FRONT|SIDE,DRESS|TOP|BOTTOM|OUTERWEAR|SUIT|KNITWEAR|ACTIVEWEAR|SWIMWEAR|JUMPSUIT,,ADULT|TEEN,OPENPOSE+DENSEPOSE,HIGH,SILHOUETTE,NONE,PDP|MARKETPLACE|WHOLESALE,4:5|3:4|2:3,GARMENT_SILHOUETTE;COLOR_FIDELITY;FACE_IDENTITY;ANATOMY_GENERAL;POSE_SIMILARITY;BACKGROUND_ARTIFACTS;RESOLUTION_MIN;FULL_GARMENT_VISIBLE;HANDS_ANATOMY;FEET_ANATOMY;CROP_COMPLIANCE,MEDIUM,ML-POSE-CAT-001,ACTIVE,34
ML-POSE-CAT-035,1.0.0,CORE,CATALOG_STANDING,THREE_QUARTER,Three-Quarter Right 45°,Right 45°,Full-body catalog view with torso rotated 45 degrees.,45,45,-45,0,CAMERA,EVEN,RELAXED_DOWN,RELAXED_DOWN,OPEN_RELAXED,OPEN_RELAXED,STRAIGHT,STRAIGHT,STATIC,FULL_BODY,CHEST,0,0,0,70,85,82,FULL_BODY_WITH_MARGIN,REQUIRED,REQUIRED,FRONT|SIDE,DRESS|TOP|BOTTOM|OUTERWEAR|SUIT|KNITWEAR|ACTIVEWEAR|SWIMWEAR|JUMPSUIT,,ADULT|TEEN,OPENPOSE+DENSEPOSE,HIGH,SILHOUETTE,NONE,PDP|MARKETPLACE|WHOLESALE,4:5|3:4|2:3,GARMENT_SILHOUETTE;COLOR_FIDELITY;FACE_IDENTITY;ANATOMY_GENERAL;POSE_SIMILARITY;BACKGROUND_ARTIFACTS;RESOLUTION_MIN;FULL_GARMENT_VISIBLE;HANDS_ANATOMY;FEET_ANATOMY;CROP_COMPLIANCE,LOW,ML-POSE-CAT-001,ACTIVE,35
ML-POSE-CAT-036,1.0.0,CORE,CATALOG_STANDING,THREE_QUARTER,Three-Quarter Right 45° — Hand on Hip,Right 3Q Hip,Three-quarter catalog view with right hand on hip.,45,45,-45,0,CAMERA,EVEN,RELAXED_DOWN,BENT_HIP,OPEN_RELAXED,ON_HIP,STRAIGHT,STRAIGHT,STATIC,FULL_BODY,CHEST,0,0,0,70,85,82,FULL_BODY_WITH_MARGIN,REQUIRED,REQUIRED,FRONT|SIDE,DRESS|TOP|BOTTOM|OUTERWEAR|SUIT|KNITWEAR|ACTIVEWEAR|SWIMWEAR|JUMPSUIT,,ADULT|TEEN,OPENPOSE+DENSEPOSE,HIGH,SILHOUETTE,NONE,PDP|MARKETPLACE|WHOLESALE,4:5|3:4|2:3,GARMENT_SILHOUETTE;COLOR_FIDELITY;FACE_IDENTITY;ANATOMY_GENERAL;POSE_SIMILARITY;BACKGROUND_ARTIFACTS;RESOLUTION_MIN;FULL_GARMENT_VISIBLE;HANDS_ANATOMY;FEET_ANATOMY;CROP_COMPLIANCE,MEDIUM,ML-POSE-CAT-001,ACTIVE,36
ML-POSE-CAT-037,1.0.0,CORE,CATALOG_STANDING,THREE_QUARTER,Three-Quarter Right 45° — One Hand in Pocket,Right 3Q Pocket,Three-quarter view with near hand placed in pocket.,45,45,-45,0,CAMERA,EVEN,RELAXED_DOWN,BENT_POCKET,OPEN_RELAXED,IN_POCKET,STRAIGHT,STRAIGHT,STATIC,FULL_BODY,CHEST,0,0,0,70,85,82,FULL_BODY_WITH_MARGIN,REQUIRED,REQUIRED,FRONT|SIDE,DRESS|TOP|BOTTOM|OUTERWEAR|SUIT|KNITWEAR|ACTIVEWEAR|SWIMWEAR|JUMPSUIT,,ADULT|TEEN,OPENPOSE+DENSEPOSE,HIGH,SILHOUETTE,NONE,PDP|MARKETPLACE|WHOLESALE,4:5|3:4|2:3,GARMENT_SILHOUETTE;COLOR_FIDELITY;FACE_IDENTITY;ANATOMY_GENERAL;POSE_SIMILARITY;BACKGROUND_ARTIFACTS;RESOLUTION_MIN;FULL_GARMENT_VISIBLE;HANDS_ANATOMY;FEET_ANATOMY;CROP_COMPLIANCE,MEDIUM,ML-POSE-CAT-001,ACTIVE,37
ML-POSE-CAT-038,1.0.0,CORE,CATALOG_STANDING,PROFILE,Left Profile,Left Profile,Full-body profile view from the left side.,-90,-90,0,0,FORWARD_RELATIVE_BODY,EVEN,RELAXED_DOWN,RELAXED_DOWN,OPEN_RELAXED,OPEN_RELAXED,STRAIGHT,STRAIGHT,STATIC,FULL_BODY,CHEST,0,0,0,70,85,82,FULL_BODY_WITH_MARGIN,REQUIRED,REQUIRED,SIDE,DRESS|TOP|BOTTOM|OUTERWEAR|SUIT|KNITWEAR|ACTIVEWEAR|SWIMWEAR|JUMPSUIT,,ADULT|TEEN,OPENPOSE+DENSEPOSE,HIGH,SILHOUETTE,NONE,PDP|MARKETPLACE|WHOLESALE,4:5|3:4|2:3,GARMENT_SILHOUETTE;COLOR_FIDELITY;FACE_IDENTITY;ANATOMY_GENERAL;POSE_SIMILARITY;BACKGROUND_ARTIFACTS;RESOLUTION_MIN;SIDE_CONSTRUCTION;FULL_GARMENT_VISIBLE;HANDS_ANATOMY;FEET_ANATOMY,MEDIUM,ML-POSE-CAT-001,ACTIVE,38
ML-POSE-CAT-039,1.0.0,CORE,CATALOG_STANDING,PROFILE,Left Profile — Face to Camera,Left Profile Face Camera,Body in profile with face turned toward camera.,-90,-90,90,0,CAMERA,EVEN,RELAXED_DOWN,RELAXED_DOWN,OPEN_RELAXED,OPEN_RELAXED,STRAIGHT,STRAIGHT,STATIC,FULL_BODY,CHEST,0,0,0,70,85,82,FULL_BODY_WITH_MARGIN,REQUIRED,REQUIRED,SIDE|FRONT,DRESS|TOP|BOTTOM|OUTERWEAR|SUIT|KNITWEAR|ACTIVEWEAR|SWIMWEAR|JUMPSUIT,,ADULT|TEEN,OPENPOSE+DENSEPOSE,HIGH,SILHOUETTE,NONE,PDP|MARKETPLACE|WHOLESALE,4:5|3:4|2:3,GARMENT_SILHOUETTE;COLOR_FIDELITY;FACE_IDENTITY;ANATOMY_GENERAL;POSE_SIMILARITY;BACKGROUND_ARTIFACTS;RESOLUTION_MIN;FULL_GARMENT_VISIBLE;HANDS_ANATOMY;FEET_ANATOMY;CROP_COMPLIANCE,HIGH,ML-POSE-CAT-001,ACTIVE,39
ML-POSE-CAT-040,1.0.0,CORE,CATALOG_STANDING,PROFILE,Right Profile,Right Profile,Full-body profile view from the right side.,90,90,0,0,FORWARD_RELATIVE_BODY,EVEN,RELAXED_DOWN,RELAXED_DOWN,OPEN_RELAXED,OPEN_RELAXED,STRAIGHT,STRAIGHT,STATIC,FULL_BODY,CHEST,0,0,0,70,85,82,FULL_BODY_WITH_MARGIN,REQUIRED,REQUIRED,SIDE,DRESS|TOP|BOTTOM|OUTERWEAR|SUIT|KNITWEAR|ACTIVEWEAR|SWIMWEAR|JUMPSUIT,,ADULT|TEEN,OPENPOSE+DENSEPOSE,HIGH,SILHOUETTE,NONE,PDP|MARKETPLACE|WHOLESALE,4:5|3:4|2:3,GARMENT_SILHOUETTE;COLOR_FIDELITY;FACE_IDENTITY;ANATOMY_GENERAL;POSE_SIMILARITY;BACKGROUND_ARTIFACTS;RESOLUTION_MIN;SIDE_CONSTRUCTION;FULL_GARMENT_VISIBLE;HANDS_ANATOMY;FEET_ANATOMY,MEDIUM,ML-POSE-CAT-001,ACTIVE,40
ML-POSE-CAT-041,1.0.0,CORE,CATALOG_STANDING,PROFILE,Right Profile — Face to Camera,Right Profile Face Camera,Body in profile with face turned toward camera.,90,90,-90,0,CAMERA,EVEN,RELAXED_DOWN,RELAXED_DOWN,OPEN_RELAXED,OPEN_RELAXED,STRAIGHT,STRAIGHT,STATIC,FULL_BODY,CHEST,0,0,0,70,85,82,FULL_BODY_WITH_MARGIN,REQUIRED,REQUIRED,SIDE|FRONT,DRESS|TOP|BOTTOM|OUTERWEAR|SUIT|KNITWEAR|ACTIVEWEAR|SWIMWEAR|JUMPSUIT,,ADULT|TEEN,OPENPOSE+DENSEPOSE,HIGH,SILHOUETTE,NONE,PDP|MARKETPLACE|WHOLESALE,4:5|3:4|2:3,GARMENT_SILHOUETTE;COLOR_FIDELITY;FACE_IDENTITY;ANATOMY_GENERAL;POSE_SIMILARITY;BACKGROUND_ARTIFACTS;RESOLUTION_MIN;FULL_GARMENT_VISIBLE;HANDS_ANATOMY;FEET_ANATOMY;CROP_COMPLIANCE,HIGH,ML-POSE-CAT-001,ACTIVE,41
ML-POSE-CAT-042,1.0.0,CORE,CATALOG_STANDING,BACK,Back Neutral,Back Neutral,Back-oriented catalog view for garment construction and fit.,180,180,0,0,AWAY,EVEN,RELAXED_DOWN,RELAXED_DOWN,OPEN_RELAXED,OPEN_RELAXED,STRAIGHT,STRAIGHT,STATIC,FULL_BODY,CHEST,0,0,0,70,85,82,FULL_BODY_WITH_MARGIN,REQUIRED,REQUIRED,BACK,DRESS|TOP|BOTTOM|OUTERWEAR|SUIT|KNITWEAR|ACTIVEWEAR|SWIMWEAR|JUMPSUIT,,ADULT|TEEN,OPENPOSE+DENSEPOSE,HIGH,SILHOUETTE,NONE,PDP|MARKETPLACE|WHOLESALE,4:5|3:4|2:3,GARMENT_SILHOUETTE;COLOR_FIDELITY;FACE_IDENTITY;ANATOMY_GENERAL;POSE_SIMILARITY;BACKGROUND_ARTIFACTS;RESOLUTION_MIN;BACK_CONSTRUCTION;HEM_LENGTH;CROP_COMPLIANCE,MEDIUM,ML-POSE-CAT-001,ACTIVE,42
ML-POSE-CAT-043,1.0.0,CORE,CATALOG_STANDING,BACK,Back Three-Quarter Left,Back Three-Quarter Left,Back-oriented catalog view for garment construction and fit.,150,150,0,0,AWAY,EVEN,RELAXED_DOWN,RELAXED_DOWN,OPEN_RELAXED,OPEN_RELAXED,STRAIGHT,STRAIGHT,STATIC,FULL_BODY,CHEST,0,0,0,70,85,82,FULL_BODY_WITH_MARGIN,REQUIRED,REQUIRED,BACK,DRESS|TOP|BOTTOM|OUTERWEAR|SUIT|KNITWEAR|ACTIVEWEAR|SWIMWEAR|JUMPSUIT,,ADULT|TEEN,OPENPOSE+DENSEPOSE,HIGH,SILHOUETTE,NONE,PDP|MARKETPLACE|WHOLESALE,4:5|3:4|2:3,GARMENT_SILHOUETTE;COLOR_FIDELITY;FACE_IDENTITY;ANATOMY_GENERAL;POSE_SIMILARITY;BACKGROUND_ARTIFACTS;RESOLUTION_MIN;BACK_CONSTRUCTION;HEM_LENGTH;CROP_COMPLIANCE,MEDIUM,ML-POSE-CAT-001,ACTIVE,43
ML-POSE-CAT-044,1.0.0,CORE,CATALOG_STANDING,BACK,Back Three-Quarter Right,Back Three-Quarter Right,Back-oriented catalog view for garment construction and fit.,-150,-150,0,0,AWAY,EVEN,RELAXED_DOWN,RELAXED_DOWN,OPEN_RELAXED,OPEN_RELAXED,STRAIGHT,STRAIGHT,STATIC,FULL_BODY,CHEST,0,0,0,70,85,82,FULL_BODY_WITH_MARGIN,REQUIRED,REQUIRED,BACK,DRESS|TOP|BOTTOM|OUTERWEAR|SUIT|KNITWEAR|ACTIVEWEAR|SWIMWEAR|JUMPSUIT,,ADULT|TEEN,OPENPOSE+DENSEPOSE,HIGH,SILHOUETTE,NONE,PDP|MARKETPLACE|WHOLESALE,4:5|3:4|2:3,GARMENT_SILHOUETTE;COLOR_FIDELITY;FACE_IDENTITY;ANATOMY_GENERAL;POSE_SIMILARITY;BACKGROUND_ARTIFACTS;RESOLUTION_MIN;BACK_CONSTRUCTION;HEM_LENGTH;CROP_COMPLIANCE,MEDIUM,ML-POSE-CAT-001,ACTIVE,44
ML-POSE-CAT-045,1.0.0,CORE,CATALOG_STANDING,BACK,Back — Look Over Left Shoulder,Back Look Left,Back view with face turning over left shoulder.,180,180,-135,0,CAMERA,EVEN,RELAXED_DOWN,RELAXED_DOWN,OPEN_RELAXED,OPEN_RELAXED,STRAIGHT,STRAIGHT,STATIC,FULL_BODY,CHEST,0,0,0,70,85,82,FULL_BODY_WITH_MARGIN,REQUIRED,REQUIRED,BACK|FRONT,DRESS|TOP|BOTTOM|OUTERWEAR|SUIT|KNITWEAR|ACTIVEWEAR|SWIMWEAR|JUMPSUIT,,ADULT|TEEN,OPENPOSE+DENSEPOSE,HIGH,SILHOUETTE,NONE,PDP|MARKETPLACE|WHOLESALE,4:5|3:4|2:3,GARMENT_SILHOUETTE;COLOR_FIDELITY;FACE_IDENTITY;ANATOMY_GENERAL;POSE_SIMILARITY;BACKGROUND_ARTIFACTS;RESOLUTION_MIN;BACK_CONSTRUCTION;HEM_LENGTH;CROP_COMPLIANCE;FACE_IDENTITY,HIGH,ML-POSE-CAT-001,ACTIVE,45
ML-POSE-CAT-046,1.0.0,CORE,CATALOG_STANDING,BACK,Back — Look Over Right Shoulder,Back Look Right,Back view with face turning over right shoulder.,180,180,135,0,CAMERA,EVEN,RELAXED_DOWN,RELAXED_DOWN,OPEN_RELAXED,OPEN_RELAXED,STRAIGHT,STRAIGHT,STATIC,FULL_BODY,CHEST,0,0,0,70,85,82,FULL_BODY_WITH_MARGIN,REQUIRED,REQUIRED,BACK|FRONT,DRESS|TOP|BOTTOM|OUTERWEAR|SUIT|KNITWEAR|ACTIVEWEAR|SWIMWEAR|JUMPSUIT,,ADULT|TEEN,OPENPOSE+DENSEPOSE,HIGH,SILHOUETTE,NONE,PDP|MARKETPLACE|WHOLESALE,4:5|3:4|2:3,GARMENT_SILHOUETTE;COLOR_FIDELITY;FACE_IDENTITY;ANATOMY_GENERAL;POSE_SIMILARITY;BACKGROUND_ARTIFACTS;RESOLUTION_MIN;BACK_CONSTRUCTION;HEM_LENGTH;CROP_COMPLIANCE;FACE_IDENTITY,HIGH,ML-POSE-CAT-001,ACTIVE,46
ML-POSE-EDT-001,1.0.0,EXPANSION,EDITORIAL_STANDING,FRONT,Front Editorial Strong,Strong Front,Editorial full-body pose: front editorial strong.,0,0,0,0,CAMERA,EVEN,RELAXED_DOWN,RELAXED_DOWN,OPEN_RELAXED,OPEN_RELAXED,WIDE,WIDE,STATIC,FULL_BODY,CHEST,0,0,0,70,85,82,FULL_BODY_WITH_MARGIN,REQUIRED,REQUIRED,FRONT,DRESS|TOP|BOTTOM|OUTERWEAR|SUIT|KNITWEAR|ACTIVEWEAR|SWIMWEAR|JUMPSUIT,,ADULT|TEEN,OPENPOSE+DENSEPOSE,HIGH,SILHOUETTE,NONE,CAMPAIGN|SOCIAL|PAID_ADS|LOOKBOOK,4:5|3:4|2:3,GARMENT_SILHOUETTE;COLOR_FIDELITY;FACE_IDENTITY;ANATOMY_GENERAL;POSE_SIMILARITY;BACKGROUND_ARTIFACTS;RESOLUTION_MIN;FULL_GARMENT_VISIBLE;HANDS_ANATOMY;FEET_ANATOMY;CROP_COMPLIANCE,LOW,ML-POSE-CAT-001,ACTIVE,47
ML-POSE-EDT-002,1.0.0,EXPANSION,EDITORIAL_STANDING,FRONT,Front Soft Romantic,Soft Romantic,Editorial full-body pose: front soft romantic.,0,0,0,0,CAMERA,LEFT_60,TOUCH_NECK,RELAXED_DOWN,OPEN_RELAXED,OPEN_RELAXED,SUPPORT,BENT_SOFT,STATIC,FULL_BODY,CHEST,0,0,0,70,85,82,FULL_BODY_WITH_MARGIN,REQUIRED,REQUIRED,FRONT,DRESS|TOP|BOTTOM|OUTERWEAR|SUIT|KNITWEAR|ACTIVEWEAR|SWIMWEAR|JUMPSUIT,,ADULT|TEEN,OPENPOSE+DENSEPOSE,HIGH,SILHOUETTE,NONE,CAMPAIGN|SOCIAL|PAID_ADS|LOOKBOOK,4:5|3:4|2:3,GARMENT_SILHOUETTE;COLOR_FIDELITY;FACE_IDENTITY;ANATOMY_GENERAL;POSE_SIMILARITY;BACKGROUND_ARTIFACTS;RESOLUTION_MIN;FULL_GARMENT_VISIBLE;HANDS_ANATOMY;FEET_ANATOMY;CROP_COMPLIANCE,MEDIUM,ML-POSE-CAT-001,ACTIVE,48
ML-POSE-EDT-003,1.0.0,EXPANSION,EDITORIAL_STANDING,FRONT,Front Looking Down,Looking Down,Editorial full-body pose: front looking down.,0,0,0,0,DOWN,LEFT_55,RELAXED_DOWN,RELAXED_DOWN,OPEN_RELAXED,OPEN_RELAXED,SUPPORT,RELAXED,STATIC,FULL_BODY,CHEST,0,0,0,70,85,82,FULL_BODY_WITH_MARGIN,REQUIRED,REQUIRED,FRONT,DRESS|TOP|BOTTOM|OUTERWEAR|SUIT|KNITWEAR|ACTIVEWEAR|SWIMWEAR|JUMPSUIT,,ADULT|TEEN,OPENPOSE+DENSEPOSE,HIGH,SILHOUETTE,NONE,CAMPAIGN|SOCIAL|PAID_ADS|LOOKBOOK,4:5|3:4|2:3,GARMENT_SILHOUETTE;COLOR_FIDELITY;FACE_IDENTITY;ANATOMY_GENERAL;POSE_SIMILARITY;BACKGROUND_ARTIFACTS;RESOLUTION_MIN;FULL_GARMENT_VISIBLE;HANDS_ANATOMY;FEET_ANATOMY;CROP_COMPLIANCE,LOW,ML-POSE-CAT-001,ACTIVE,49
ML-POSE-EDT-004,1.0.0,EXPANSION,EDITORIAL_STANDING,FRONT,Front Looking Left,Look Left,Editorial full-body pose: front looking left.,0,0,0,0,LEFT_OFF_CAMERA,EVEN,RELAXED_DOWN,RELAXED_DOWN,OPEN_RELAXED,OPEN_RELAXED,STRAIGHT,STRAIGHT,STATIC,FULL_BODY,CHEST,0,0,0,70,85,82,FULL_BODY_WITH_MARGIN,REQUIRED,REQUIRED,FRONT,DRESS|TOP|BOTTOM|OUTERWEAR|SUIT|KNITWEAR|ACTIVEWEAR|SWIMWEAR|JUMPSUIT,,ADULT|TEEN,OPENPOSE+DENSEPOSE,HIGH,SILHOUETTE,NONE,CAMPAIGN|SOCIAL|PAID_ADS|LOOKBOOK,4:5|3:4|2:3,GARMENT_SILHOUETTE;COLOR_FIDELITY;FACE_IDENTITY;ANATOMY_GENERAL;POSE_SIMILARITY;BACKGROUND_ARTIFACTS;RESOLUTION_MIN;FULL_GARMENT_VISIBLE;HANDS_ANATOMY;FEET_ANATOMY;CROP_COMPLIANCE,LOW,ML-POSE-CAT-001,ACTIVE,50
ML-POSE-EDT-005,1.0.0,EXPANSION,EDITORIAL_STANDING,FRONT,Front Looking Right,Look Right,Editorial full-body pose: front looking right.,0,0,0,0,RIGHT_OFF_CAMERA,EVEN,RELAXED_DOWN,RELAXED_DOWN,OPEN_RELAXED,OPEN_RELAXED,STRAIGHT,STRAIGHT,STATIC,FULL_BODY,CHEST,0,0,0,70,85,82,FULL_BODY_WITH_MARGIN,REQUIRED,REQUIRED,FRONT,DRESS|TOP|BOTTOM|OUTERWEAR|SUIT|KNITWEAR|ACTIVEWEAR|SWIMWEAR|JUMPSUIT,,ADULT|TEEN,OPENPOSE+DENSEPOSE,HIGH,SILHOUETTE,NONE,CAMPAIGN|SOCIAL|PAID_ADS|LOOKBOOK,4:5|3:4|2:3,GARMENT_SILHOUETTE;COLOR_FIDELITY;FACE_IDENTITY;ANATOMY_GENERAL;POSE_SIMILARITY;BACKGROUND_ARTIFACTS;RESOLUTION_MIN;FULL_GARMENT_VISIBLE;HANDS_ANATOMY;FEET_ANATOMY;CROP_COMPLIANCE,LOW,ML-POSE-CAT-001,ACTIVE,51
ML-POSE-EDT-006,1.0.0,EXPANSION,EDITORIAL_STANDING,FRONT,Front Chin Up,Chin Up,Editorial full-body pose: front chin up.,0,0,0,0,ABOVE_CAMERA,EVEN,RELAXED_DOWN,RELAXED_DOWN,OPEN_RELAXED,OPEN_RELAXED,STRAIGHT,STRAIGHT,STATIC,FULL_BODY,CHEST,0,0,0,70,85,82,FULL_BODY_WITH_MARGIN,REQUIRED,REQUIRED,FRONT,DRESS|TOP|BOTTOM|OUTERWEAR|SUIT|KNITWEAR|ACTIVEWEAR|SWIMWEAR|JUMPSUIT,,ADULT|TEEN,OPENPOSE+DENSEPOSE,HIGH,SILHOUETTE,NONE,CAMPAIGN|SOCIAL|PAID_ADS|LOOKBOOK,4:5|3:4|2:3,GARMENT_SILHOUETTE;COLOR_FIDELITY;FACE_IDENTITY;ANATOMY_GENERAL;POSE_SIMILARITY;BACKGROUND_ARTIFACTS;RESOLUTION_MIN;FULL_GARMENT_VISIBLE;HANDS_ANATOMY;FEET_ANATOMY;CROP_COMPLIANCE,MEDIUM,ML-POSE-CAT-001,ACTIVE,52
ML-POSE-EDT-007,1.0.0,EXPANSION,EDITORIAL_STANDING,FRONT,Front Hair Touch Left,Hair Touch L,Editorial full-body pose: front hair touch left.,0,0,0,0,CAMERA,RIGHT_70,TOUCH_HAIR,RELAXED_DOWN,OPEN_RELAXED,OPEN_RELAXED,BENT_SOFT,SUPPORT,STATIC,FULL_BODY,CHEST,0,0,0,70,85,82,FULL_BODY_WITH_MARGIN,REQUIRED,REQUIRED,FRONT,DRESS|TOP|BOTTOM|OUTERWEAR|SUIT|KNITWEAR|ACTIVEWEAR|SWIMWEAR|JUMPSUIT,,ADULT|TEEN,OPENPOSE+DENSEPOSE,HIGH,SILHOUETTE,NONE,CAMPAIGN|SOCIAL|PAID_ADS|LOOKBOOK,4:5|3:4|2:3,GARMENT_SILHOUETTE;COLOR_FIDELITY;FACE_IDENTITY;ANATOMY_GENERAL;POSE_SIMILARITY;BACKGROUND_ARTIFACTS;RESOLUTION_MIN;FULL_GARMENT_VISIBLE;HANDS_ANATOMY;FEET_ANATOMY;CROP_COMPLIANCE,HIGH,ML-POSE-CAT-001,ACTIVE,53
ML-POSE-EDT-008,1.0.0,EXPANSION,EDITORIAL_STANDING,FRONT,Front Hair Touch Right,Hair Touch R,Editorial full-body pose: front hair touch right.,0,0,0,0,CAMERA,LEFT_70,RELAXED_DOWN,TOUCH_HAIR,OPEN_RELAXED,OPEN_RELAXED,SUPPORT,BENT_SOFT,STATIC,FULL_BODY,CHEST,0,0,0,70,85,82,FULL_BODY_WITH_MARGIN,REQUIRED,REQUIRED,FRONT,DRESS|TOP|BOTTOM|OUTERWEAR|SUIT|KNITWEAR|ACTIVEWEAR|SWIMWEAR|JUMPSUIT,,ADULT|TEEN,OPENPOSE+DENSEPOSE,HIGH,SILHOUETTE,NONE,CAMPAIGN|SOCIAL|PAID_ADS|LOOKBOOK,4:5|3:4|2:3,GARMENT_SILHOUETTE;COLOR_FIDELITY;FACE_IDENTITY;ANATOMY_GENERAL;POSE_SIMILARITY;BACKGROUND_ARTIFACTS;RESOLUTION_MIN;FULL_GARMENT_VISIBLE;HANDS_ANATOMY;FEET_ANATOMY;CROP_COMPLIANCE,HIGH,ML-POSE-CAT-001,ACTIVE,54
ML-POSE-EDT-009,1.0.0,EXPANSION,EDITORIAL_STANDING,FRONT,Front Neck Touch Left,Neck Touch L,Editorial full-body pose: front neck touch left.,0,0,0,0,CAMERA,RIGHT_60,TOUCH_NECK,RELAXED_DOWN,OPEN_RELAXED,OPEN_RELAXED,BENT_SOFT,SUPPORT,STATIC,FULL_BODY,CHEST,0,0,0,70,85,82,FULL_BODY_WITH_MARGIN,REQUIRED,REQUIRED,FRONT,DRESS|TOP|BOTTOM|OUTERWEAR|SUIT|KNITWEAR|ACTIVEWEAR|SWIMWEAR|JUMPSUIT,,ADULT|TEEN,OPENPOSE+DENSEPOSE,HIGH,SILHOUETTE,NONE,CAMPAIGN|SOCIAL|PAID_ADS|LOOKBOOK,4:5|3:4|2:3,GARMENT_SILHOUETTE;COLOR_FIDELITY;FACE_IDENTITY;ANATOMY_GENERAL;POSE_SIMILARITY;BACKGROUND_ARTIFACTS;RESOLUTION_MIN;FULL_GARMENT_VISIBLE;HANDS_ANATOMY;FEET_ANATOMY;CROP_COMPLIANCE,HIGH,ML-POSE-CAT-001,ACTIVE,55
ML-POSE-EDT-010,1.0.0,EXPANSION,EDITORIAL_STANDING,FRONT,Front Neck Touch Right,Neck Touch R,Editorial full-body pose: front neck touch right.,0,0,0,0,CAMERA,LEFT_60,RELAXED_DOWN,TOUCH_NECK,OPEN_RELAXED,OPEN_RELAXED,SUPPORT,BENT_SOFT,STATIC,FULL_BODY,CHEST,0,0,0,70,85,82,FULL_BODY_WITH_MARGIN,REQUIRED,REQUIRED,FRONT,DRESS|TOP|BOTTOM|OUTERWEAR|SUIT|KNITWEAR|ACTIVEWEAR|SWIMWEAR|JUMPSUIT,,ADULT|TEEN,OPENPOSE+DENSEPOSE,HIGH,SILHOUETTE,NONE,CAMPAIGN|SOCIAL|PAID_ADS|LOOKBOOK,4:5|3:4|2:3,GARMENT_SILHOUETTE;COLOR_FIDELITY;FACE_IDENTITY;ANATOMY_GENERAL;POSE_SIMILARITY;BACKGROUND_ARTIFACTS;RESOLUTION_MIN;FULL_GARMENT_VISIBLE;HANDS_ANATOMY;FEET_ANATOMY;CROP_COMPLIANCE,HIGH,ML-POSE-CAT-001,ACTIVE,56
ML-POSE-EDT-011,1.0.0,EXPANSION,EDITORIAL_STANDING,FRONT,Front Elbow Angle Left,Elbow Angle L,Editorial full-body pose: front elbow angle left.,0,0,0,0,CAMERA,RIGHT_60,BENT_AWAY,RELAXED_DOWN,OPEN_RELAXED,OPEN_RELAXED,BENT_SOFT,SUPPORT,STATIC,FULL_BODY,CHEST,0,0,0,70,85,82,FULL_BODY_WITH_MARGIN,REQUIRED,REQUIRED,FRONT,DRESS|TOP|BOTTOM|OUTERWEAR|SUIT|KNITWEAR|ACTIVEWEAR|SWIMWEAR|JUMPSUIT,,ADULT|TEEN,OPENPOSE+DENSEPOSE,HIGH,SILHOUETTE,NONE,CAMPAIGN|SOCIAL|PAID_ADS|LOOKBOOK,4:5|3:4|2:3,GARMENT_SILHOUETTE;COLOR_FIDELITY;FACE_IDENTITY;ANATOMY_GENERAL;POSE_SIMILARITY;BACKGROUND_ARTIFACTS;RESOLUTION_MIN;FULL_GARMENT_VISIBLE;HANDS_ANATOMY;FEET_ANATOMY;CROP_COMPLIANCE,MEDIUM,ML-POSE-CAT-001,ACTIVE,57
ML-POSE-EDT-012,1.0.0,EXPANSION,EDITORIAL_STANDING,FRONT,Front Elbow Angle Right,Elbow Angle R,Editorial full-body pose: front elbow angle right.,0,0,0,0,CAMERA,LEFT_60,RELAXED_DOWN,BENT_AWAY,OPEN_RELAXED,OPEN_RELAXED,SUPPORT,BENT_SOFT,STATIC,FULL_BODY,CHEST,0,0,0,70,85,82,FULL_BODY_WITH_MARGIN,REQUIRED,REQUIRED,FRONT,DRESS|TOP|BOTTOM|OUTERWEAR|SUIT|KNITWEAR|ACTIVEWEAR|SWIMWEAR|JUMPSUIT,,ADULT|TEEN,OPENPOSE+DENSEPOSE,HIGH,SILHOUETTE,NONE,CAMPAIGN|SOCIAL|PAID_ADS|LOOKBOOK,4:5|3:4|2:3,GARMENT_SILHOUETTE;COLOR_FIDELITY;FACE_IDENTITY;ANATOMY_GENERAL;POSE_SIMILARITY;BACKGROUND_ARTIFACTS;RESOLUTION_MIN;FULL_GARMENT_VISIBLE;HANDS_ANATOMY;FEET_ANATOMY;CROP_COMPLIANCE,MEDIUM,ML-POSE-CAT-001,ACTIVE,58
ML-POSE-EDT-013,1.0.0,EXPANSION,EDITORIAL_STANDING,FRONT,Front One Knee Bent Left,Knee Bent L,Editorial full-body pose: front one knee bent left.,0,0,0,0,CAMERA,RIGHT_75,RELAXED_DOWN,RELAXED_DOWN,OPEN_RELAXED,OPEN_RELAXED,BENT_FORWARD,SUPPORT,STATIC,FULL_BODY,CHEST,0,0,0,70,85,82,FULL_BODY_WITH_MARGIN,REQUIRED,REQUIRED,FRONT,DRESS|TOP|BOTTOM|OUTERWEAR|SUIT|KNITWEAR|ACTIVEWEAR|SWIMWEAR|JUMPSUIT,,ADULT|TEEN,OPENPOSE+DENSEPOSE,HIGH,SILHOUETTE,NONE,CAMPAIGN|SOCIAL|PAID_ADS|LOOKBOOK,4:5|3:4|2:3,GARMENT_SILHOUETTE;COLOR_FIDELITY;FACE_IDENTITY;ANATOMY_GENERAL;POSE_SIMILARITY;BACKGROUND_ARTIFACTS;RESOLUTION_MIN;FULL_GARMENT_VISIBLE;HANDS_ANATOMY;FEET_ANATOMY;CROP_COMPLIANCE,MEDIUM,ML-POSE-CAT-001,ACTIVE,59
ML-POSE-EDT-014,1.0.0,EXPANSION,EDITORIAL_STANDING,FRONT,Front One Knee Bent Right,Knee Bent R,Editorial full-body pose: front one knee bent right.,0,0,0,0,CAMERA,LEFT_75,RELAXED_DOWN,RELAXED_DOWN,OPEN_RELAXED,OPEN_RELAXED,SUPPORT,BENT_FORWARD,STATIC,FULL_BODY,CHEST,0,0,0,70,85,82,FULL_BODY_WITH_MARGIN,REQUIRED,REQUIRED,FRONT,DRESS|TOP|BOTTOM|OUTERWEAR|SUIT|KNITWEAR|ACTIVEWEAR|SWIMWEAR|JUMPSUIT,,ADULT|TEEN,OPENPOSE+DENSEPOSE,HIGH,SILHOUETTE,NONE,CAMPAIGN|SOCIAL|PAID_ADS|LOOKBOOK,4:5|3:4|2:3,GARMENT_SILHOUETTE;COLOR_FIDELITY;FACE_IDENTITY;ANATOMY_GENERAL;POSE_SIMILARITY;BACKGROUND_ARTIFACTS;RESOLUTION_MIN;FULL_GARMENT_VISIBLE;HANDS_ANATOMY;FEET_ANATOMY;CROP_COMPLIANCE,MEDIUM,ML-POSE-CAT-001,ACTIVE,60
ML-POSE-EDT-015,1.0.0,EXPANSION,EDITORIAL_STANDING,FRONT,Front Legs Crossed Left,Legs Cross L,Editorial full-body pose: front legs crossed left.,0,0,0,0,CAMERA,RIGHT_70,RELAXED_DOWN,RELAXED_DOWN,OPEN_RELAXED,OPEN_RELAXED,CROSS_FRONT,SUPPORT,STATIC,FULL_BODY,CHEST,0,0,0,70,85,82,FULL_BODY_WITH_MARGIN,REQUIRED,REQUIRED,FRONT,DRESS|TOP|BOTTOM|OUTERWEAR|SUIT|KNITWEAR|ACTIVEWEAR|SWIMWEAR|JUMPSUIT,,ADULT|TEEN,OPENPOSE+DENSEPOSE,HIGH,SILHOUETTE,NONE,CAMPAIGN|SOCIAL|PAID_ADS|LOOKBOOK,4:5|3:4|2:3,GARMENT_SILHOUETTE;COLOR_FIDELITY;FACE_IDENTITY;ANATOMY_GENERAL;POSE_SIMILARITY;BACKGROUND_ARTIFACTS;RESOLUTION_MIN;FULL_GARMENT_VISIBLE;HANDS_ANATOMY;FEET_ANATOMY;CROP_COMPLIANCE,HIGH,ML-POSE-CAT-001,ACTIVE,61
ML-POSE-EDT-016,1.0.0,EXPANSION,EDITORIAL_STANDING,FRONT,Front Legs Crossed Right,Legs Cross R,Editorial full-body pose: front legs crossed right.,0,0,0,0,CAMERA,LEFT_70,RELAXED_DOWN,RELAXED_DOWN,OPEN_RELAXED,OPEN_RELAXED,SUPPORT,CROSS_FRONT,STATIC,FULL_BODY,CHEST,0,0,0,70,85,82,FULL_BODY_WITH_MARGIN,REQUIRED,REQUIRED,FRONT,DRESS|TOP|BOTTOM|OUTERWEAR|SUIT|KNITWEAR|ACTIVEWEAR|SWIMWEAR|JUMPSUIT,,ADULT|TEEN,OPENPOSE+DENSEPOSE,HIGH,SILHOUETTE,NONE,CAMPAIGN|SOCIAL|PAID_ADS|LOOKBOOK,4:5|3:4|2:3,GARMENT_SILHOUETTE;COLOR_FIDELITY;FACE_IDENTITY;ANATOMY_GENERAL;POSE_SIMILARITY;BACKGROUND_ARTIFACTS;RESOLUTION_MIN;FULL_GARMENT_VISIBLE;HANDS_ANATOMY;FEET_ANATOMY;CROP_COMPLIANCE,HIGH,ML-POSE-CAT-001,ACTIVE,62
ML-POSE-EDT-017,1.0.0,EXPANSION,EDITORIAL_STANDING,THREE_QUARTER,Three-Quarter Left — Hand on Hip,3Q Left Hand on Hip,Editorial three-quarter left pose with hand on hip.,-35,-35,35,0,CAMERA,EVEN,BENT_HIP,RELAXED_DOWN,ON_HIP,OPEN_RELAXED,STRAIGHT,STRAIGHT,STATIC,FULL_BODY,CHEST,0,0,0,70,85,82,FULL_BODY_WITH_MARGIN,REQUIRED,REQUIRED,FRONT|SIDE,DRESS|TOP|BOTTOM|OUTERWEAR|SUIT|KNITWEAR|ACTIVEWEAR|SWIMWEAR|JUMPSUIT,,ADULT|TEEN,OPENPOSE+DENSEPOSE,HIGH,SILHOUETTE,NONE,CAMPAIGN|SOCIAL|PAID_ADS|LOOKBOOK,4:5|3:4|2:3,GARMENT_SILHOUETTE;COLOR_FIDELITY;FACE_IDENTITY;ANATOMY_GENERAL;POSE_SIMILARITY;BACKGROUND_ARTIFACTS;RESOLUTION_MIN;FULL_GARMENT_VISIBLE;HANDS_ANATOMY;FEET_ANATOMY;CROP_COMPLIANCE,MEDIUM,ML-POSE-CAT-001,ACTIVE,63
ML-POSE-EDT-018,1.0.0,EXPANSION,EDITORIAL_STANDING,THREE_QUARTER,Three-Quarter Left — Hair Touch,3Q Left Hair Touch,Editorial three-quarter left pose with hair touch.,-35,-35,35,0,CAMERA,EVEN,TOUCH_HAIR,RELAXED_DOWN,TOUCH_HAIR,OPEN_RELAXED,STRAIGHT,STRAIGHT,STATIC,FULL_BODY,CHEST,0,0,0,70,85,82,FULL_BODY_WITH_MARGIN,REQUIRED,REQUIRED,FRONT|SIDE,DRESS|TOP|BOTTOM|OUTERWEAR|SUIT|KNITWEAR|ACTIVEWEAR|SWIMWEAR|JUMPSUIT,,ADULT|TEEN,OPENPOSE+DENSEPOSE,HIGH,SILHOUETTE,NONE,CAMPAIGN|SOCIAL|PAID_ADS|LOOKBOOK,4:5|3:4|2:3,GARMENT_SILHOUETTE;COLOR_FIDELITY;FACE_IDENTITY;ANATOMY_GENERAL;POSE_SIMILARITY;BACKGROUND_ARTIFACTS;RESOLUTION_MIN;FULL_GARMENT_VISIBLE;HANDS_ANATOMY;FEET_ANATOMY;CROP_COMPLIANCE,HIGH,ML-POSE-CAT-001,ACTIVE,64
ML-POSE-EDT-019,1.0.0,EXPANSION,EDITORIAL_STANDING,THREE_QUARTER,Three-Quarter Left — Neck Touch,3Q Left Neck Touch,Editorial three-quarter left pose with neck touch.,-35,-35,35,0,CAMERA,EVEN,TOUCH_NECK,RELAXED_DOWN,TOUCH_NECK,OPEN_RELAXED,STRAIGHT,STRAIGHT,STATIC,FULL_BODY,CHEST,0,0,0,70,85,82,FULL_BODY_WITH_MARGIN,REQUIRED,REQUIRED,FRONT|SIDE,DRESS|TOP|BOTTOM|OUTERWEAR|SUIT|KNITWEAR|ACTIVEWEAR|SWIMWEAR|JUMPSUIT,,ADULT|TEEN,OPENPOSE+DENSEPOSE,HIGH,SILHOUETTE,NONE,CAMPAIGN|SOCIAL|PAID_ADS|LOOKBOOK,4:5|3:4|2:3,GARMENT_SILHOUETTE;COLOR_FIDELITY;FACE_IDENTITY;ANATOMY_GENERAL;POSE_SIMILARITY;BACKGROUND_ARTIFACTS;RESOLUTION_MIN;FULL_GARMENT_VISIBLE;HANDS_ANATOMY;FEET_ANATOMY;CROP_COMPLIANCE,HIGH,ML-POSE-CAT-001,ACTIVE,66
